catalog,model,method,alpha,coverage,cov_class1,cov_class0,avg_set_size,rate_empty,rate_singleton,rate_both,identity_gap
comcat_global_m4,catboost,split,0.05,0.9531,1.0,0.9201,1.1823,0.0,0.8177,0.1823,0.0
comcat_global_m4,catboost,mondrian,0.05,0.9637,0.9683,0.9605,1.2804,0.0,0.7196,0.2804,0.0
comcat_global_m4,catboost,split,0.1,0.9061,0.9933,0.8446,1.0195,0.0,0.9805,0.0195,0.0
comcat_global_m4,catboost,mondrian,0.1,0.9107,0.911,0.9104,1.092,0.0,0.908,0.092,0.0
comcat_global_m4,catboost,split,0.2,0.8165,0.8098,0.8212,0.8785,0.1215,0.8785,0.0,0.0
comcat_global_m4,catboost,mondrian,0.2,0.8164,0.8098,0.8211,0.8785,0.1215,0.8785,0.0,0.0
comcat_global_m4,catboost,aci,0.1,0.9002,0.975,0.8474,1.0171,0.0139,0.955,0.031,0.0
comcat_global_m4,xgboost,split,0.05,0.9514,0.9996,0.9174,1.1757,0.0,0.8243,0.1757,0.0
comcat_global_m4,xgboost,mondrian,0.05,0.9567,0.9558,0.9574,1.2603,0.0,0.7397,0.2603,0.0
comcat_global_m4,xgboost,split,0.1,0.9077,0.9962,0.8453,1.0193,0.0,0.9807,0.0193,0.0
comcat_global_m4,xgboost,mondrian,0.1,0.9102,0.9045,0.9142,1.0988,0.0,0.9012,0.0988,0.0
comcat_global_m4,xgboost,split,0.2,0.8233,0.8232,0.8233,0.8871,0.1129,0.8871,0.0,0.0
comcat_global_m4,xgboost,mondrian,0.2,0.823,0.8232,0.8229,0.8867,0.1133,0.8867,0.0,0.0
comcat_global_m4,xgboost,aci,0.1,0.9002,0.9741,0.8481,1.0143,0.0151,0.9554,0.0294,0.0
comcat_global_m4,lightgbm,split,0.05,0.9524,0.9997,0.9189,1.177,0.0,0.823,0.177,0.0
comcat_global_m4,lightgbm,mondrian,0.05,0.9652,0.9653,0.9651,1.2938,0.0,0.7062,0.2938,0.0
comcat_global_m4,lightgbm,split,0.1,0.9064,0.993,0.8454,1.0162,0.0,0.9838,0.0162,0.0
comcat_global_m4,lightgbm,mondrian,0.1,0.9165,0.9131,0.9189,1.1153,0.0,0.8847,0.1153,0.0
comcat_global_m4,lightgbm,split,0.2,0.8522,0.893,0.8235,0.9265,0.0735,0.9265,0.0,0.0
comcat_global_m4,lightgbm,mondrian,0.2,0.852,0.893,0.823,0.9261,0.0739,0.9261,0.0,0.0
comcat_global_m4,lightgbm,aci,0.1,0.9002,0.9751,0.8475,1.0152,0.0149,0.9551,0.03,0.0
scedc_socal_m25,catboost,split,0.05,0.9442,0.9027,0.9505,1.0301,0.0,0.9699,0.0301,0.0
scedc_socal_m25,catboost,mondrian,0.05,0.9486,0.9642,0.9463,1.0393,0.0,0.9607,0.0393,0.0
scedc_socal_m25,catboost,split,0.1,0.8909,0.6566,0.9261,0.928,0.072,0.928,0.0,0.0
scedc_socal_m25,catboost,mondrian,0.1,0.8751,0.8949,0.8722,0.932,0.068,0.932,0.0,0.0
scedc_socal_m25,catboost,split,0.2,0.7664,0.0,0.8814,0.7664,0.2336,0.7664,0.0,0.0
scedc_socal_m25,catboost,mondrian,0.2,0.7593,0.7908,0.7546,0.8029,0.1971,0.8029,0.0,0.0
scedc_socal_m25,catboost,aci,0.1,0.8988,0.8188,0.9108,0.9721,0.0546,0.9187,0.0267,0.0
scedc_socal_m25,xgboost,split,0.05,0.9482,0.8971,0.9558,1.0397,0.0,0.9603,0.0397,0.0
scedc_socal_m25,xgboost,mondrian,0.05,0.9499,0.972,0.9466,1.0444,0.0,0.9556,0.0444,0.0
scedc_socal_m25,xgboost,split,0.1,0.8911,0.6488,0.9274,0.9286,0.0714,0.9286,0.0,0.0
scedc_socal_m25,xgboost,mondrian,0.1,0.9144,0.9329,0.9117,0.9772,0.0228,0.9772,0.0,0.0
scedc_socal_m25,xgboost,split,0.2,0.7928,0.0011,0.9117,0.7928,0.2072,0.7928,0.0,0.0
scedc_socal_m25,xgboost,mondrian,0.2,0.8992,0.8166,0.9117,0.9457,0.0543,0.9457,0.0,0.0
scedc_socal_m25,xgboost,aci,0.1,0.8988,0.6264,0.9397,0.9631,0.0644,0.9081,0.0275,0.0
scedc_socal_m25,lightgbm,split,0.05,0.9457,0.8803,0.9555,1.0327,0.0,0.9673,0.0327,0.0
scedc_socal_m25,lightgbm,mondrian,0.05,0.9466,0.962,0.9442,1.0372,0.0,0.9628,0.0372,0.0
scedc_socal_m25,lightgbm,split,0.1,0.8895,0.632,0.9281,0.9263,0.0737,0.9263,0.0,0.0
scedc_socal_m25,lightgbm,mondrian,0.1,0.8918,0.9139,0.8885,0.9493,0.0507,0.9493,0.0,0.0
scedc_socal_m25,lightgbm,split,0.2,0.7754,0.0,0.8918,0.7754,0.2246,0.7754,0.0,0.0
scedc_socal_m25,lightgbm,mondrian,0.2,0.7792,0.7886,0.7778,0.823,0.177,0.823,0.0,0.0
scedc_socal_m25,lightgbm,aci,0.1,0.8987,0.7718,0.9177,0.9765,0.0555,0.9125,0.032,0.0
comcat_himalaya_m4,catboost,split,0.05,0.9477,1.0,0.8683,1.2786,0.0,0.7214,0.2786,0.0
comcat_himalaya_m4,catboost,mondrian,0.05,0.8953,0.8615,0.9466,1.4484,0.0,0.5516,0.4484,0.0
comcat_himalaya_m4,catboost,split,0.1,0.8543,0.8897,0.8007,0.9264,0.0736,0.9264,0.0,0.0
comcat_himalaya_m4,catboost,mondrian,0.1,0.8204,0.7582,0.9146,1.2504,0.0,0.7496,0.2504,0.0
comcat_himalaya_m4,catboost,split,0.2,0.7313,0.6854,0.8007,0.7949,0.2051,0.7949,0.0,0.0
comcat_himalaya_m4,catboost,mondrian,0.2,0.7341,0.6737,0.8256,0.9264,0.0736,0.9264,0.0,0.0
comcat_himalaya_m4,catboost,aci,0.1,0.8911,0.946,0.8078,0.9788,0.0354,0.9505,0.0141,0.0
comcat_himalaya_m4,xgboost,split,0.05,0.9689,0.9695,0.968,1.5799,0.0,0.4201,0.5799,0.0
comcat_himalaya_m4,xgboost,mondrian,0.05,0.959,0.9531,0.968,1.5644,0.0,0.4356,0.5644,0.0
comcat_himalaya_m4,xgboost,split,0.1,0.8939,0.9531,0.8043,0.9844,0.0156,0.9844,0.0,0.0
comcat_himalaya_m4,xgboost,mondrian,0.1,0.959,0.9531,0.968,1.5644,0.0,0.4356,0.5644,0.0
comcat_himalaya_m4,xgboost,split,0.2,0.8939,0.9531,0.8043,0.9844,0.0156,0.9844,0.0,0.0
comcat_himalaya_m4,xgboost,mondrian,0.2,0.9293,0.9531,0.8932,1.2716,0.0,0.7284,0.2716,0.0
comcat_himalaya_m4,xgboost,aci,0.1,0.8967,0.9577,0.8043,0.9873,0.0127,0.9873,0.0,0.0
comcat_himalaya_m4,lightgbm,split,0.05,0.9929,0.993,0.9929,1.6436,0.0,0.3564,0.6436,0.0
comcat_himalaya_m4,lightgbm,mondrian,0.05,0.9816,0.9742,0.9929,1.628,0.0,0.372,0.628,0.0
comcat_himalaya_m4,lightgbm,split,0.1,0.9052,0.9742,0.8007,0.9844,0.0156,0.9844,0.0,0.0
comcat_himalaya_m4,lightgbm,mondrian,0.1,0.9816,0.9742,0.9929,1.628,0.0,0.372,0.628,0.0
comcat_himalaya_m4,lightgbm,split,0.2,0.9052,0.9742,0.8007,0.9844,0.0156,0.9844,0.0,0.0
comcat_himalaya_m4,lightgbm,mondrian,0.2,0.8232,0.8005,0.8577,0.9986,0.0014,0.9986,0.0,0.0
comcat_himalaya_m4,lightgbm,aci,0.1,0.9052,0.9742,0.8007,0.9844,0.0156,0.9844,0.0,0.0
