catalog,rule,alpha,c_FN,P_false_RESPONSE,P_false_ALERT,P_ESCALATE,P_empty,expected_cost
comcat_global_m4,escalate,0.005,5,0.0031,0.0016,0.463,0.0,0.48
comcat_global_m4,escalate,0.005,10,0.0031,0.0016,0.463,0.0,0.4955
comcat_global_m4,escalate,0.005,50,0.0031,0.0016,0.463,0.0,0.6192
comcat_global_m4,argmax,0.005,5,0.0031,0.0016,0.463,0.0,0.48
comcat_global_m4,argmax,0.005,10,0.0031,0.0016,0.463,0.0,0.4955
comcat_global_m4,argmax,0.005,50,0.0031,0.0016,0.463,0.0,0.6192
comcat_global_m4,escalate,0.01,5,0.0048,0.0041,0.4388,0.0,0.4667
comcat_global_m4,escalate,0.01,10,0.0048,0.0041,0.4388,0.0,0.4905
comcat_global_m4,escalate,0.01,50,0.0048,0.0041,0.4388,0.0,0.6807
comcat_global_m4,argmax,0.01,5,0.0048,0.0041,0.4388,0.0,0.4667
comcat_global_m4,argmax,0.01,10,0.0048,0.0041,0.4388,0.0,0.4905
comcat_global_m4,argmax,0.01,50,0.0048,0.0041,0.4388,0.0,0.6807
comcat_global_m4,escalate,0.015,5,0.008,0.0057,0.403,0.0,0.4487
comcat_global_m4,escalate,0.015,10,0.008,0.0057,0.403,0.0,0.4889
comcat_global_m4,escalate,0.015,50,0.008,0.0057,0.403,0.0,0.8097
comcat_global_m4,argmax,0.015,5,0.008,0.0057,0.403,0.0,0.4487
comcat_global_m4,argmax,0.015,10,0.008,0.0057,0.403,0.0,0.4889
comcat_global_m4,argmax,0.015,50,0.008,0.0057,0.403,0.0,0.8097
comcat_global_m4,escalate,0.02,5,0.0115,0.0057,0.3739,0.0,0.4371
comcat_global_m4,escalate,0.02,10,0.0115,0.0057,0.3739,0.0,0.4945
comcat_global_m4,escalate,0.02,50,0.0115,0.0057,0.3739,0.0,0.9543
comcat_global_m4,argmax,0.02,5,0.0115,0.0057,0.3739,0.0,0.4371
comcat_global_m4,argmax,0.02,10,0.0115,0.0057,0.3739,0.0,0.4945
comcat_global_m4,argmax,0.02,50,0.0115,0.0057,0.3739,0.0,0.9543
comcat_global_m4,escalate,0.025,5,0.0115,0.0109,0.3646,0.0,0.433
comcat_global_m4,escalate,0.025,10,0.0115,0.0109,0.3646,0.0,0.4904
comcat_global_m4,escalate,0.025,50,0.0115,0.0109,0.3646,0.0,0.9502
comcat_global_m4,argmax,0.025,5,0.0115,0.0109,0.3646,0.0,0.433
comcat_global_m4,argmax,0.025,10,0.0115,0.0109,0.3646,0.0,0.4904
comcat_global_m4,argmax,0.025,50,0.0115,0.0109,0.3646,0.0,0.9502
comcat_global_m4,escalate,0.03,5,0.0155,0.0119,0.3318,0.0,0.4212
comcat_global_m4,escalate,0.03,10,0.0155,0.0119,0.3318,0.0,0.4986
comcat_global_m4,escalate,0.03,50,0.0155,0.0119,0.3318,0.0,1.1183
comcat_global_m4,argmax,0.03,5,0.0155,0.0119,0.3318,0.0,0.4212
comcat_global_m4,argmax,0.03,10,0.0155,0.0119,0.3318,0.0,0.4986
comcat_global_m4,argmax,0.03,50,0.0155,0.0119,0.3318,0.0,1.1183
comcat_global_m4,escalate,0.035,5,0.0174,0.0145,0.3137,0.0,0.415
comcat_global_m4,escalate,0.035,10,0.0174,0.0145,0.3137,0.0,0.5019
comcat_global_m4,escalate,0.035,50,0.0174,0.0145,0.3137,0.0,1.1969
comcat_global_m4,argmax,0.035,5,0.0174,0.0145,0.3137,0.0,0.415
comcat_global_m4,argmax,0.035,10,0.0174,0.0145,0.3137,0.0,0.5019
comcat_global_m4,argmax,0.035,50,0.0174,0.0145,0.3137,0.0,1.1969
comcat_global_m4,escalate,0.04,5,0.0174,0.0145,0.3137,0.0,0.415
comcat_global_m4,escalate,0.04,10,0.0174,0.0145,0.3137,0.0,0.5019
comcat_global_m4,escalate,0.04,50,0.0174,0.0145,0.3137,0.0,1.1969
comcat_global_m4,argmax,0.04,5,0.0174,0.0145,0.3137,0.0,0.415
comcat_global_m4,argmax,0.04,10,0.0174,0.0145,0.3137,0.0,0.5019
comcat_global_m4,argmax,0.04,50,0.0174,0.0145,0.3137,0.0,1.1969
comcat_global_m4,escalate,0.045,5,0.025,0.0183,0.2603,0.0,0.4036
comcat_global_m4,escalate,0.045,10,0.025,0.0183,0.2603,0.0,0.5286
comcat_global_m4,escalate,0.045,50,0.025,0.0183,0.2603,0.0,1.5289
comcat_global_m4,argmax,0.045,5,0.025,0.0183,0.2603,0.0,0.4036
comcat_global_m4,argmax,0.045,10,0.025,0.0183,0.2603,0.0,0.5286
comcat_global_m4,argmax,0.045,50,0.025,0.0183,0.2603,0.0,1.5289
comcat_global_m4,escalate,0.05,5,0.025,0.0183,0.2603,0.0,0.4036
comcat_global_m4,escalate,0.05,10,0.025,0.0183,0.2603,0.0,0.5286
comcat_global_m4,escalate,0.05,50,0.025,0.0183,0.2603,0.0,1.5289
comcat_global_m4,argmax,0.05,5,0.025,0.0183,0.2603,0.0,0.4036
comcat_global_m4,argmax,0.05,10,0.025,0.0183,0.2603,0.0,0.5286
comcat_global_m4,argmax,0.05,50,0.025,0.0183,0.2603,0.0,1.5289
comcat_global_m4,escalate,0.055,5,0.0311,0.0183,0.2246,0.0,0.3986
comcat_global_m4,escalate,0.055,10,0.0311,0.0183,0.2246,0.0,0.5543
comcat_global_m4,escalate,0.055,50,0.0311,0.0183,0.2246,0.0,1.8001
comcat_global_m4,argmax,0.055,5,0.0311,0.0183,0.2246,0.0,0.3986
comcat_global_m4,argmax,0.055,10,0.0311,0.0183,0.2246,0.0,0.5543
comcat_global_m4,argmax,0.055,50,0.0311,0.0183,0.2246,0.0,1.8001
comcat_global_m4,escalate,0.06,5,0.0319,0.0183,0.2201,0.0,0.3976
comcat_global_m4,escalate,0.06,10,0.0319,0.0183,0.2201,0.0,0.5569
comcat_global_m4,escalate,0.06,50,0.0319,0.0183,0.2201,0.0,1.831
comcat_global_m4,argmax,0.06,5,0.0319,0.0183,0.2201,0.0,0.3976
comcat_global_m4,argmax,0.06,10,0.0319,0.0183,0.2201,0.0,0.5569
comcat_global_m4,argmax,0.06,50,0.0319,0.0183,0.2201,0.0,1.831
comcat_global_m4,escalate,0.065,5,0.0368,0.0274,0.1791,0.0,0.3903
comcat_global_m4,escalate,0.065,10,0.0368,0.0274,0.1791,0.0,0.5741
comcat_global_m4,escalate,0.065,50,0.0368,0.0274,0.1791,0.0,2.0443
comcat_global_m4,argmax,0.065,5,0.0368,0.0274,0.1791,0.0,0.3903
comcat_global_m4,argmax,0.065,10,0.0368,0.0274,0.1791,0.0,0.5741
comcat_global_m4,argmax,0.065,50,0.0368,0.0274,0.1791,0.0,2.0443
comcat_global_m4,escalate,0.07,5,0.0368,0.0274,0.1791,0.0,0.3903
comcat_global_m4,escalate,0.07,10,0.0368,0.0274,0.1791,0.0,0.5741
comcat_global_m4,escalate,0.07,50,0.0368,0.0274,0.1791,0.0,2.0443
comcat_global_m4,argmax,0.07,5,0.0368,0.0274,0.1791,0.0,0.3903
comcat_global_m4,argmax,0.07,10,0.0368,0.0274,0.1791,0.0,0.5741
comcat_global_m4,argmax,0.07,50,0.0368,0.0274,0.1791,0.0,2.0443
comcat_global_m4,escalate,0.075,5,0.0368,0.0274,0.1791,0.0,0.3903
comcat_global_m4,escalate,0.075,10,0.0368,0.0274,0.1791,0.0,0.5741
comcat_global_m4,escalate,0.075,50,0.0368,0.0274,0.1791,0.0,2.0443
comcat_global_m4,argmax,0.075,5,0.0368,0.0274,0.1791,0.0,0.3903
comcat_global_m4,argmax,0.075,10,0.0368,0.0274,0.1791,0.0,0.5741
comcat_global_m4,argmax,0.075,50,0.0368,0.0274,0.1791,0.0,2.0443
comcat_global_m4,escalate,0.08,5,0.0438,0.0274,0.1458,0.0,0.3923
comcat_global_m4,escalate,0.08,10,0.0438,0.0274,0.1458,0.0,0.6114
comcat_global_m4,escalate,0.08,50,0.0438,0.0274,0.1458,0.0,2.3644
comcat_global_m4,argmax,0.08,5,0.0438,0.0274,0.1458,0.0,0.3923
comcat_global_m4,argmax,0.08,10,0.0438,0.0274,0.1458,0.0,0.6114
comcat_global_m4,argmax,0.08,50,0.0438,0.0274,0.1458,0.0,2.3644
comcat_global_m4,escalate,0.085,5,0.045,0.0274,0.1404,0.0,0.3926
comcat_global_m4,escalate,0.085,10,0.045,0.0274,0.1404,0.0,0.6174
comcat_global_m4,escalate,0.085,50,0.045,0.0274,0.1404,0.0,2.4158
comcat_global_m4,argmax,0.085,5,0.045,0.0274,0.1404,0.0,0.3926
comcat_global_m4,argmax,0.085,10,0.045,0.0274,0.1404,0.0,0.6174
comcat_global_m4,argmax,0.085,50,0.045,0.0274,0.1404,0.0,2.4158
comcat_global_m4,escalate,0.09,5,0.0484,0.0274,0.1261,0.0,0.3955
comcat_global_m4,escalate,0.09,10,0.0484,0.0274,0.1261,0.0,0.6376
comcat_global_m4,escalate,0.09,50,0.0484,0.0274,0.1261,0.0,2.5739
comcat_global_m4,argmax,0.09,5,0.0484,0.0274,0.1261,0.0,0.3955
comcat_global_m4,argmax,0.09,10,0.0484,0.0274,0.1261,0.0,0.6376
comcat_global_m4,argmax,0.09,50,0.0484,0.0274,0.1261,0.0,2.5739
comcat_global_m4,escalate,0.095,5,0.0503,0.0395,0.0988,0.0,0.3898
comcat_global_m4,escalate,0.095,10,0.0503,0.0395,0.0988,0.0,0.6413
comcat_global_m4,escalate,0.095,50,0.0503,0.0395,0.0988,0.0,2.6535
comcat_global_m4,argmax,0.095,5,0.0503,0.0395,0.0988,0.0,0.3898
comcat_global_m4,argmax,0.095,10,0.0503,0.0395,0.0988,0.0,0.6413
comcat_global_m4,argmax,0.095,50,0.0503,0.0395,0.0988,0.0,2.6535
comcat_global_m4,escalate,0.1,5,0.0503,0.0395,0.0988,0.0,0.3898
comcat_global_m4,escalate,0.1,10,0.0503,0.0395,0.0988,0.0,0.6413
comcat_global_m4,escalate,0.1,50,0.0503,0.0395,0.0988,0.0,2.6535
comcat_global_m4,argmax,0.1,5,0.0503,0.0395,0.0988,0.0,0.3898
comcat_global_m4,argmax,0.1,10,0.0503,0.0395,0.0988,0.0,0.6413
comcat_global_m4,argmax,0.1,50,0.0503,0.0395,0.0988,0.0,2.6535
comcat_global_m4,escalate,0.105,5,0.0549,0.0395,0.0792,0.0,0.3932
comcat_global_m4,escalate,0.105,10,0.0549,0.0395,0.0792,0.0,0.6676
comcat_global_m4,escalate,0.105,50,0.0549,0.0395,0.0792,0.0,2.8632
comcat_global_m4,argmax,0.105,5,0.0549,0.0395,0.0792,0.0,0.3932
comcat_global_m4,argmax,0.105,10,0.0549,0.0395,0.0792,0.0,0.6676
comcat_global_m4,argmax,0.105,50,0.0549,0.0395,0.0792,0.0,2.8632
comcat_global_m4,escalate,0.11,5,0.0549,0.045,0.0712,0.0,0.3907
comcat_global_m4,escalate,0.11,10,0.0549,0.045,0.0712,0.0,0.6651
comcat_global_m4,escalate,0.11,50,0.0549,0.045,0.0712,0.0,2.8607
comcat_global_m4,argmax,0.11,5,0.0549,0.045,0.0712,0.0,0.3907
comcat_global_m4,argmax,0.11,10,0.0549,0.045,0.0712,0.0,0.6651
comcat_global_m4,argmax,0.11,50,0.0549,0.045,0.0712,0.0,2.8607
comcat_global_m4,escalate,0.115,5,0.0549,0.045,0.0712,0.0,0.3907
comcat_global_m4,escalate,0.115,10,0.0549,0.045,0.0712,0.0,0.6651
comcat_global_m4,escalate,0.115,50,0.0549,0.045,0.0712,0.0,2.8607
comcat_global_m4,argmax,0.115,5,0.0549,0.045,0.0712,0.0,0.3907
comcat_global_m4,argmax,0.115,10,0.0549,0.045,0.0712,0.0,0.6651
comcat_global_m4,argmax,0.115,50,0.0549,0.045,0.0712,0.0,2.8607
comcat_global_m4,escalate,0.12,5,0.0549,0.045,0.0712,0.0,0.3907
comcat_global_m4,escalate,0.12,10,0.0549,0.045,0.0712,0.0,0.6651
comcat_global_m4,escalate,0.12,50,0.0549,0.045,0.0712,0.0,2.8607
comcat_global_m4,argmax,0.12,5,0.0549,0.045,0.0712,0.0,0.3907
comcat_global_m4,argmax,0.12,10,0.0549,0.045,0.0712,0.0,0.6651
comcat_global_m4,argmax,0.12,50,0.0549,0.045,0.0712,0.0,2.8607
comcat_global_m4,escalate,0.125,5,0.0637,0.045,0.0378,0.0,0.4013
comcat_global_m4,escalate,0.125,10,0.0637,0.045,0.0378,0.0,0.7197
comcat_global_m4,escalate,0.125,50,0.0637,0.045,0.0378,0.0,3.2675
comcat_global_m4,argmax,0.125,5,0.0637,0.045,0.0378,0.0,0.4013
comcat_global_m4,argmax,0.125,10,0.0637,0.045,0.0378,0.0,0.7197
comcat_global_m4,argmax,0.125,50,0.0637,0.045,0.0378,0.0,3.2675
comcat_global_m4,escalate,0.13,5,0.0637,0.045,0.0378,0.0,0.4013
comcat_global_m4,escalate,0.13,10,0.0637,0.045,0.0378,0.0,0.7197
comcat_global_m4,escalate,0.13,50,0.0637,0.045,0.0378,0.0,3.2675
comcat_global_m4,argmax,0.13,5,0.0637,0.045,0.0378,0.0,0.4013
comcat_global_m4,argmax,0.13,10,0.0637,0.045,0.0378,0.0,0.7197
comcat_global_m4,argmax,0.13,50,0.0637,0.045,0.0378,0.0,3.2675
comcat_global_m4,escalate,0.135,5,0.0637,0.045,0.0378,0.0,0.4013
comcat_global_m4,escalate,0.135,10,0.0637,0.045,0.0378,0.0,0.7197
comcat_global_m4,escalate,0.135,50,0.0637,0.045,0.0378,0.0,3.2675
comcat_global_m4,argmax,0.135,5,0.0637,0.045,0.0378,0.0,0.4013
comcat_global_m4,argmax,0.135,10,0.0637,0.045,0.0378,0.0,0.7197
comcat_global_m4,argmax,0.135,50,0.0637,0.045,0.0378,0.0,3.2675
comcat_global_m4,escalate,0.14,5,0.0637,0.045,0.0378,0.0,0.4013
comcat_global_m4,escalate,0.14,10,0.0637,0.045,0.0378,0.0,0.7197
comcat_global_m4,escalate,0.14,50,0.0637,0.045,0.0378,0.0,3.2675
comcat_global_m4,argmax,0.14,5,0.0637,0.045,0.0378,0.0,0.4013
comcat_global_m4,argmax,0.14,10,0.0637,0.045,0.0378,0.0,0.7197
comcat_global_m4,argmax,0.14,50,0.0637,0.045,0.0378,0.0,3.2675
comcat_global_m4,escalate,0.145,5,0.0734,0.045,0.0,0.0,0.4119
comcat_global_m4,escalate,0.145,10,0.0734,0.045,0.0,0.0,0.7788
comcat_global_m4,escalate,0.145,50,0.0734,0.045,0.0,0.0,3.7139
comcat_global_m4,argmax,0.145,5,0.0734,0.045,0.0,0.0,0.4119
comcat_global_m4,argmax,0.145,10,0.0734,0.045,0.0,0.0,0.7787
comcat_global_m4,argmax,0.145,50,0.0734,0.045,0.0,0.0,3.7138
comcat_global_m4,escalate,0.15,5,0.0734,0.0395,0.008,0.008,0.4143
comcat_global_m4,escalate,0.15,10,0.0734,0.0395,0.008,0.008,0.7812
comcat_global_m4,escalate,0.15,50,0.0734,0.0395,0.008,0.008,3.7163
comcat_global_m4,argmax,0.15,5,0.0758,0.0395,0.0,0.008,0.4187
comcat_global_m4,argmax,0.15,10,0.0758,0.0395,0.0,0.008,0.7978
comcat_global_m4,argmax,0.15,50,0.0758,0.0395,0.0,0.008,3.8312
comcat_global_m4,escalate,0.155,5,0.0734,0.0395,0.008,0.008,0.4143
comcat_global_m4,escalate,0.155,10,0.0734,0.0395,0.008,0.008,0.7812
comcat_global_m4,escalate,0.155,50,0.0734,0.0395,0.008,0.008,3.7163
comcat_global_m4,argmax,0.155,5,0.0758,0.0395,0.0,0.008,0.4187
comcat_global_m4,argmax,0.155,10,0.0758,0.0395,0.0,0.008,0.7978
comcat_global_m4,argmax,0.155,50,0.0758,0.0395,0.0,0.008,3.8312
comcat_global_m4,escalate,0.16,5,0.0734,0.0274,0.0254,0.0254,0.4198
comcat_global_m4,escalate,0.16,10,0.0734,0.0274,0.0254,0.0254,0.7867
comcat_global_m4,escalate,0.16,50,0.0734,0.0274,0.0254,0.0254,3.7217
comcat_global_m4,argmax,0.16,5,0.0813,0.0274,0.0,0.0254,0.4338
comcat_global_m4,argmax,0.16,10,0.0813,0.0274,0.0,0.0254,0.8401
comcat_global_m4,argmax,0.16,50,0.0813,0.0274,0.0,0.0254,4.0906
comcat_global_m4,escalate,0.165,5,0.0734,0.0274,0.0254,0.0254,0.4198
comcat_global_m4,escalate,0.165,10,0.0734,0.0274,0.0254,0.0254,0.7867
comcat_global_m4,escalate,0.165,50,0.0734,0.0274,0.0254,0.0254,3.7217
comcat_global_m4,argmax,0.165,5,0.0813,0.0274,0.0,0.0254,0.4338
comcat_global_m4,argmax,0.165,10,0.0813,0.0274,0.0,0.0254,0.8401
comcat_global_m4,argmax,0.165,50,0.0813,0.0274,0.0,0.0254,4.0906
comcat_global_m4,escalate,0.17,5,0.0734,0.0183,0.0393,0.0393,0.4245
comcat_global_m4,escalate,0.17,10,0.0734,0.0183,0.0393,0.0393,0.7914
comcat_global_m4,escalate,0.17,50,0.0734,0.0183,0.0393,0.0393,3.7264
comcat_global_m4,argmax,0.17,5,0.086,0.0183,0.0,0.0393,0.4481
comcat_global_m4,argmax,0.17,10,0.086,0.0183,0.0,0.0393,0.8779
comcat_global_m4,argmax,0.17,50,0.086,0.0183,0.0,0.0393,4.3162
comcat_global_m4,escalate,0.175,5,0.0734,0.0118,0.0503,0.0503,0.4289
comcat_global_m4,escalate,0.175,10,0.0734,0.0118,0.0503,0.0503,0.7958
comcat_global_m4,escalate,0.175,50,0.0734,0.0118,0.0503,0.0503,3.7309
comcat_global_m4,argmax,0.175,5,0.0904,0.0118,0.0,0.0503,0.4639
comcat_global_m4,argmax,0.175,10,0.0904,0.0118,0.0,0.0503,0.9161
comcat_global_m4,argmax,0.175,50,0.0904,0.0118,0.0,0.0503,4.5335
comcat_global_m4,escalate,0.18,5,0.0734,0.0108,0.052,0.052,0.4297
comcat_global_m4,escalate,0.18,10,0.0734,0.0108,0.052,0.052,0.7966
comcat_global_m4,escalate,0.18,50,0.0734,0.0108,0.052,0.052,3.7317
comcat_global_m4,argmax,0.18,5,0.0912,0.0108,0.0,0.052,0.467
comcat_global_m4,argmax,0.18,10,0.0912,0.0108,0.0,0.052,0.9231
comcat_global_m4,argmax,0.18,50,0.0912,0.0108,0.0,0.052,4.5723
comcat_global_m4,escalate,0.185,5,0.0637,0.0039,0.1023,0.1023,0.4247
comcat_global_m4,escalate,0.185,10,0.0637,0.0039,0.1023,0.1023,0.7431
comcat_global_m4,escalate,0.185,50,0.0637,0.0039,0.1023,0.1023,3.2908
comcat_global_m4,argmax,0.185,5,0.0968,0.0039,0.0,0.1023,0.4878
comcat_global_m4,argmax,0.185,10,0.0968,0.0039,0.0,0.1023,0.9716
comcat_global_m4,argmax,0.185,50,0.0968,0.0039,0.0,0.1023,4.8424
comcat_global_m4,escalate,0.19,5,0.0637,0.0039,0.1023,0.1023,0.4247
comcat_global_m4,escalate,0.19,10,0.0637,0.0039,0.1023,0.1023,0.7431
comcat_global_m4,escalate,0.19,50,0.0637,0.0039,0.1023,0.1023,3.2908
comcat_global_m4,argmax,0.19,5,0.0968,0.0039,0.0,0.1023,0.4878
comcat_global_m4,argmax,0.19,10,0.0968,0.0039,0.0,0.1023,0.9716
comcat_global_m4,argmax,0.19,50,0.0968,0.0039,0.0,0.1023,4.8424
comcat_global_m4,escalate,0.195,5,0.0637,0.0002,0.1129,0.1129,0.4315
comcat_global_m4,escalate,0.195,10,0.0637,0.0002,0.1129,0.1129,0.75
comcat_global_m4,escalate,0.195,50,0.0637,0.0002,0.1129,0.1129,3.2977
comcat_global_m4,argmax,0.195,5,0.0968,0.0039,0.0,0.1129,0.4878
comcat_global_m4,argmax,0.195,10,0.0968,0.0039,0.0,0.1129,0.9716
comcat_global_m4,argmax,0.195,50,0.0968,0.0039,0.0,0.1129,4.8424
comcat_global_m4,escalate,0.2,5,0.0637,0.0,0.1133,0.1133,0.4318
comcat_global_m4,escalate,0.2,10,0.0637,0.0,0.1133,0.1133,0.7502
comcat_global_m4,escalate,0.2,50,0.0637,0.0,0.1133,0.1133,3.2979
comcat_global_m4,argmax,0.2,5,0.0968,0.0039,0.0,0.1133,0.4878
comcat_global_m4,argmax,0.2,10,0.0968,0.0039,0.0,0.1133,0.9716
comcat_global_m4,argmax,0.2,50,0.0968,0.0039,0.0,0.1133,4.8424
comcat_global_m4,escalate,0.205,5,0.0637,0.0,0.1133,0.1133,0.4318
comcat_global_m4,escalate,0.205,10,0.0637,0.0,0.1133,0.1133,0.7502
comcat_global_m4,escalate,0.205,50,0.0637,0.0,0.1133,0.1133,3.2979
comcat_global_m4,argmax,0.205,5,0.0968,0.0039,0.0,0.1133,0.4878
comcat_global_m4,argmax,0.205,10,0.0968,0.0039,0.0,0.1133,0.9716
comcat_global_m4,argmax,0.205,50,0.0968,0.0039,0.0,0.1133,4.8424
comcat_global_m4,escalate,0.21,5,0.0637,0.0,0.1133,0.1133,0.4318
comcat_global_m4,escalate,0.21,10,0.0637,0.0,0.1133,0.1133,0.7502
comcat_global_m4,escalate,0.21,50,0.0637,0.0,0.1133,0.1133,3.2979
comcat_global_m4,argmax,0.21,5,0.0968,0.0039,0.0,0.1133,0.4878
comcat_global_m4,argmax,0.21,10,0.0968,0.0039,0.0,0.1133,0.9716
comcat_global_m4,argmax,0.21,50,0.0968,0.0039,0.0,0.1133,4.8424
comcat_global_m4,escalate,0.215,5,0.0637,0.0,0.1133,0.1133,0.4318
comcat_global_m4,escalate,0.215,10,0.0637,0.0,0.1133,0.1133,0.7502
comcat_global_m4,escalate,0.215,50,0.0637,0.0,0.1133,0.1133,3.2979
comcat_global_m4,argmax,0.215,5,0.0968,0.0039,0.0,0.1133,0.4878
comcat_global_m4,argmax,0.215,10,0.0968,0.0039,0.0,0.1133,0.9716
comcat_global_m4,argmax,0.215,50,0.0968,0.0039,0.0,0.1133,4.8424
comcat_global_m4,escalate,0.22,5,0.0637,0.0,0.1133,0.1133,0.4318
comcat_global_m4,escalate,0.22,10,0.0637,0.0,0.1133,0.1133,0.7502
comcat_global_m4,escalate,0.22,50,0.0637,0.0,0.1133,0.1133,3.2979
comcat_global_m4,argmax,0.22,5,0.0968,0.0039,0.0,0.1133,0.4878
comcat_global_m4,argmax,0.22,10,0.0968,0.0039,0.0,0.1133,0.9716
comcat_global_m4,argmax,0.22,50,0.0968,0.0039,0.0,0.1133,4.8424
comcat_global_m4,escalate,0.225,5,0.0637,0.0,0.1133,0.1133,0.4318
comcat_global_m4,escalate,0.225,10,0.0637,0.0,0.1133,0.1133,0.7502
comcat_global_m4,escalate,0.225,50,0.0637,0.0,0.1133,0.1133,3.2979
comcat_global_m4,argmax,0.225,5,0.0968,0.0039,0.0,0.1133,0.4878
comcat_global_m4,argmax,0.225,10,0.0968,0.0039,0.0,0.1133,0.9716
comcat_global_m4,argmax,0.225,50,0.0968,0.0039,0.0,0.1133,4.8424
comcat_global_m4,escalate,0.23,5,0.0637,0.0,0.1133,0.1133,0.4318
comcat_global_m4,escalate,0.23,10,0.0637,0.0,0.1133,0.1133,0.7502
comcat_global_m4,escalate,0.23,50,0.0637,0.0,0.1133,0.1133,3.2979
comcat_global_m4,argmax,0.23,5,0.0968,0.0039,0.0,0.1133,0.4878
comcat_global_m4,argmax,0.23,10,0.0968,0.0039,0.0,0.1133,0.9716
comcat_global_m4,argmax,0.23,50,0.0968,0.0039,0.0,0.1133,4.8424
comcat_global_m4,escalate,0.235,5,0.0637,0.0,0.1133,0.1133,0.4318
comcat_global_m4,escalate,0.235,10,0.0637,0.0,0.1133,0.1133,0.7502
comcat_global_m4,escalate,0.235,50,0.0637,0.0,0.1133,0.1133,3.2979
comcat_global_m4,argmax,0.235,5,0.0968,0.0039,0.0,0.1133,0.4878
comcat_global_m4,argmax,0.235,10,0.0968,0.0039,0.0,0.1133,0.9716
comcat_global_m4,argmax,0.235,50,0.0968,0.0039,0.0,0.1133,4.8424
comcat_global_m4,escalate,0.24,5,0.0637,0.0,0.1133,0.1133,0.4318
comcat_global_m4,escalate,0.24,10,0.0637,0.0,0.1133,0.1133,0.7502
comcat_global_m4,escalate,0.24,50,0.0637,0.0,0.1133,0.1133,3.2979
comcat_global_m4,argmax,0.24,5,0.0968,0.0039,0.0,0.1133,0.4878
comcat_global_m4,argmax,0.24,10,0.0968,0.0039,0.0,0.1133,0.9716
comcat_global_m4,argmax,0.24,50,0.0968,0.0039,0.0,0.1133,4.8424
comcat_global_m4,escalate,0.245,5,0.0637,0.0,0.1133,0.1133,0.4318
comcat_global_m4,escalate,0.245,10,0.0637,0.0,0.1133,0.1133,0.7502
comcat_global_m4,escalate,0.245,50,0.0637,0.0,0.1133,0.1133,3.2979
comcat_global_m4,argmax,0.245,5,0.0968,0.0039,0.0,0.1133,0.4878
comcat_global_m4,argmax,0.245,10,0.0968,0.0039,0.0,0.1133,0.9716
comcat_global_m4,argmax,0.245,50,0.0968,0.0039,0.0,0.1133,4.8424
comcat_global_m4,escalate,0.25,5,0.0637,0.0,0.1133,0.1133,0.4318
comcat_global_m4,escalate,0.25,10,0.0637,0.0,0.1133,0.1133,0.7502
comcat_global_m4,escalate,0.25,50,0.0637,0.0,0.1133,0.1133,3.2979
comcat_global_m4,argmax,0.25,5,0.0968,0.0039,0.0,0.1133,0.4878
comcat_global_m4,argmax,0.25,10,0.0968,0.0039,0.0,0.1133,0.9716
comcat_global_m4,argmax,0.25,50,0.0968,0.0039,0.0,0.1133,4.8424
comcat_global_m4,escalate,0.255,5,0.0549,0.0,0.1467,0.1467,0.4212
comcat_global_m4,escalate,0.255,10,0.0549,0.0,0.1467,0.1467,0.6956
comcat_global_m4,escalate,0.255,50,0.0549,0.0,0.1467,0.1467,2.8912
comcat_global_m4,argmax,0.255,5,0.0968,0.0039,0.0,0.1467,0.4878
comcat_global_m4,argmax,0.255,10,0.0968,0.0039,0.0,0.1467,0.9716
comcat_global_m4,argmax,0.255,50,0.0968,0.0039,0.0,0.1467,4.8424
comcat_global_m4,escalate,0.26,5,0.0549,0.0,0.1467,0.1467,0.4212
comcat_global_m4,escalate,0.26,10,0.0549,0.0,0.1467,0.1467,0.6956
comcat_global_m4,escalate,0.26,50,0.0549,0.0,0.1467,0.1467,2.8912
comcat_global_m4,argmax,0.26,5,0.0968,0.0039,0.0,0.1467,0.4878
comcat_global_m4,argmax,0.26,10,0.0968,0.0039,0.0,0.1467,0.9716
comcat_global_m4,argmax,0.26,50,0.0968,0.0039,0.0,0.1467,4.8424
comcat_global_m4,escalate,0.265,5,0.0549,0.0,0.1467,0.1467,0.4212
comcat_global_m4,escalate,0.265,10,0.0549,0.0,0.1467,0.1467,0.6956
comcat_global_m4,escalate,0.265,50,0.0549,0.0,0.1467,0.1467,2.8912
comcat_global_m4,argmax,0.265,5,0.0968,0.0039,0.0,0.1467,0.4878
comcat_global_m4,argmax,0.265,10,0.0968,0.0039,0.0,0.1467,0.9716
comcat_global_m4,argmax,0.265,50,0.0968,0.0039,0.0,0.1467,4.8424
comcat_global_m4,escalate,0.27,5,0.0549,0.0,0.1467,0.1467,0.4212
comcat_global_m4,escalate,0.27,10,0.0549,0.0,0.1467,0.1467,0.6956
comcat_global_m4,escalate,0.27,50,0.0549,0.0,0.1467,0.1467,2.8912
comcat_global_m4,argmax,0.27,5,0.0968,0.0039,0.0,0.1467,0.4878
comcat_global_m4,argmax,0.27,10,0.0968,0.0039,0.0,0.1467,0.9716
comcat_global_m4,argmax,0.27,50,0.0968,0.0039,0.0,0.1467,4.8424
comcat_global_m4,escalate,0.275,5,0.0549,0.0,0.1467,0.1467,0.4212
comcat_global_m4,escalate,0.275,10,0.0549,0.0,0.1467,0.1467,0.6956
comcat_global_m4,escalate,0.275,50,0.0549,0.0,0.1467,0.1467,2.8912
comcat_global_m4,argmax,0.275,5,0.0968,0.0039,0.0,0.1467,0.4878
comcat_global_m4,argmax,0.275,10,0.0968,0.0039,0.0,0.1467,0.9716
comcat_global_m4,argmax,0.275,50,0.0968,0.0039,0.0,0.1467,4.8424
comcat_global_m4,escalate,0.28,5,0.0549,0.0,0.1467,0.1467,0.4212
comcat_global_m4,escalate,0.28,10,0.0549,0.0,0.1467,0.1467,0.6956
comcat_global_m4,escalate,0.28,50,0.0549,0.0,0.1467,0.1467,2.8912
comcat_global_m4,argmax,0.28,5,0.0968,0.0039,0.0,0.1467,0.4878
comcat_global_m4,argmax,0.28,10,0.0968,0.0039,0.0,0.1467,0.9716
comcat_global_m4,argmax,0.28,50,0.0968,0.0039,0.0,0.1467,4.8424
comcat_global_m4,escalate,0.285,5,0.0549,0.0,0.1467,0.1467,0.4212
comcat_global_m4,escalate,0.285,10,0.0549,0.0,0.1467,0.1467,0.6956
comcat_global_m4,escalate,0.285,50,0.0549,0.0,0.1467,0.1467,2.8912
comcat_global_m4,argmax,0.285,5,0.0968,0.0039,0.0,0.1467,0.4878
comcat_global_m4,argmax,0.285,10,0.0968,0.0039,0.0,0.1467,0.9716
comcat_global_m4,argmax,0.285,50,0.0968,0.0039,0.0,0.1467,4.8424
comcat_global_m4,escalate,0.29,5,0.0503,0.0,0.1664,0.1664,0.4178
comcat_global_m4,escalate,0.29,10,0.0503,0.0,0.1664,0.1664,0.6692
comcat_global_m4,escalate,0.29,50,0.0503,0.0,0.1664,0.1664,2.6804
comcat_global_m4,argmax,0.29,5,0.0968,0.0039,0.0,0.1664,0.4878
comcat_global_m4,argmax,0.29,10,0.0968,0.0039,0.0,0.1664,0.9716
comcat_global_m4,argmax,0.29,50,0.0968,0.0039,0.0,0.1664,4.8424
comcat_global_m4,escalate,0.295,5,0.0503,0.0,0.1664,0.1664,0.4178
comcat_global_m4,escalate,0.295,10,0.0503,0.0,0.1664,0.1664,0.6692
comcat_global_m4,escalate,0.295,50,0.0503,0.0,0.1664,0.1664,2.6804
comcat_global_m4,argmax,0.295,5,0.0968,0.0039,0.0,0.1664,0.4878
comcat_global_m4,argmax,0.295,10,0.0968,0.0039,0.0,0.1664,0.9716
comcat_global_m4,argmax,0.295,50,0.0968,0.0039,0.0,0.1664,4.8424
comcat_global_m4,escalate,0.3,5,0.0503,0.0,0.1664,0.1664,0.4178
comcat_global_m4,escalate,0.3,10,0.0503,0.0,0.1664,0.1664,0.6692
comcat_global_m4,escalate,0.3,50,0.0503,0.0,0.1664,0.1664,2.6804
comcat_global_m4,argmax,0.3,5,0.0968,0.0039,0.0,0.1664,0.4878
comcat_global_m4,argmax,0.3,10,0.0968,0.0039,0.0,0.1664,0.9716
comcat_global_m4,argmax,0.3,50,0.0968,0.0039,0.0,0.1664,4.8424
comcat_global_m4,escalate,0.305,5,0.0503,0.0,0.1664,0.1664,0.4178
comcat_global_m4,escalate,0.305,10,0.0503,0.0,0.1664,0.1664,0.6692
comcat_global_m4,escalate,0.305,50,0.0503,0.0,0.1664,0.1664,2.6804
comcat_global_m4,argmax,0.305,5,0.0968,0.0039,0.0,0.1664,0.4878
comcat_global_m4,argmax,0.305,10,0.0968,0.0039,0.0,0.1664,0.9716
comcat_global_m4,argmax,0.305,50,0.0968,0.0039,0.0,0.1664,4.8424
