catalog,model,calibrator,mean_pred,frac_pos,count
comcat_global_m4,catboost,raw,0.0,0.0,5453
comcat_global_m4,catboost,raw,1e-05,0.0,5453
comcat_global_m4,catboost,raw,1e-05,0.0,5453
comcat_global_m4,catboost,raw,1e-05,0.0,5452
comcat_global_m4,catboost,raw,1e-05,0.0,5452
comcat_global_m4,catboost,raw,1e-05,0.0,5452
comcat_global_m4,catboost,raw,1e-05,0.0,5452
comcat_global_m4,catboost,raw,0.44131,0.42975,5452
comcat_global_m4,catboost,raw,0.72738,0.71772,5452
comcat_global_m4,catboost,raw,0.79562,0.75,5452
comcat_global_m4,catboost,raw,0.83166,0.79916,5452
comcat_global_m4,catboost,raw,0.85497,0.8318,5452
comcat_global_m4,catboost,raw,0.87343,0.85363,5452
comcat_global_m4,catboost,raw,0.89681,0.88628,5452
comcat_global_m4,catboost,raw,0.93087,0.93599,5452
comcat_global_m4,catboost,platt,0.0,0.0,5453
comcat_global_m4,catboost,platt,0.0,0.0,5453
comcat_global_m4,catboost,platt,0.0,0.0,5453
comcat_global_m4,catboost,platt,0.0,0.0,5452
comcat_global_m4,catboost,platt,0.0,0.0,5452
comcat_global_m4,catboost,platt,1e-05,0.0,5452
comcat_global_m4,catboost,platt,1e-05,0.0,5452
comcat_global_m4,catboost,platt,0.41812,0.42975,5452
comcat_global_m4,catboost,platt,0.70628,0.71772,5452
comcat_global_m4,catboost,platt,0.77979,0.75,5452
comcat_global_m4,catboost,platt,0.81891,0.79916,5452
comcat_global_m4,catboost,platt,0.84425,0.8318,5452
comcat_global_m4,catboost,platt,0.86434,0.85363,5452
comcat_global_m4,catboost,platt,0.88978,0.88628,5452
comcat_global_m4,catboost,platt,0.92672,0.93599,5452
comcat_global_m4,catboost,isotonic,0.0,0.0,5453
comcat_global_m4,catboost,isotonic,0.0,0.0,5453
comcat_global_m4,catboost,isotonic,0.0,0.0,5453
comcat_global_m4,catboost,isotonic,0.0,0.0,5452
comcat_global_m4,catboost,isotonic,0.0,0.0,5452
comcat_global_m4,catboost,isotonic,0.0,0.0,5452
comcat_global_m4,catboost,isotonic,0.0,0.0,5452
comcat_global_m4,catboost,isotonic,0.43061,0.42883,5452
comcat_global_m4,catboost,isotonic,0.71428,0.71809,5452
comcat_global_m4,catboost,isotonic,0.75548,0.75128,5452
comcat_global_m4,catboost,isotonic,0.80917,0.79824,5452
comcat_global_m4,catboost,isotonic,0.84848,0.83144,5452
comcat_global_m4,catboost,isotonic,0.86188,0.85363,5452
comcat_global_m4,catboost,isotonic,0.89509,0.88793,5452
comcat_global_m4,catboost,isotonic,0.94207,0.93489,5452
comcat_global_m4,catboost,temperature,1e-05,0.0,5453
comcat_global_m4,catboost,temperature,1e-05,0.0,5453
comcat_global_m4,catboost,temperature,1e-05,0.0,5453
comcat_global_m4,catboost,temperature,1e-05,0.0,5452
comcat_global_m4,catboost,temperature,1e-05,0.0,5452
comcat_global_m4,catboost,temperature,2e-05,0.0,5452
comcat_global_m4,catboost,temperature,2e-05,0.0,5452
comcat_global_m4,catboost,temperature,0.43876,0.42975,5452
comcat_global_m4,catboost,temperature,0.71756,0.71772,5452
comcat_global_m4,catboost,temperature,0.78423,0.75,5452
comcat_global_m4,catboost,temperature,0.82005,0.79916,5452
comcat_global_m4,catboost,temperature,0.84349,0.8318,5452
comcat_global_m4,catboost,temperature,0.86223,0.85363,5452
comcat_global_m4,catboost,temperature,0.88626,0.88628,5452
comcat_global_m4,catboost,temperature,0.92202,0.93599,5452
comcat_global_m4,xgboost,raw,4e-05,0.0,5453
comcat_global_m4,xgboost,raw,4e-05,0.0,5453
comcat_global_m4,xgboost,raw,5e-05,0.0,5453
comcat_global_m4,xgboost,raw,5e-05,0.0,5452
comcat_global_m4,xgboost,raw,5e-05,0.0,5452
comcat_global_m4,xgboost,raw,6e-05,0.0,5452
comcat_global_m4,xgboost,raw,8e-05,0.0,5452
comcat_global_m4,xgboost,raw,0.42581,0.41856,5452
comcat_global_m4,xgboost,raw,0.73237,0.7245,5452
comcat_global_m4,xgboost,raw,0.79236,0.75569,5452
comcat_global_m4,xgboost,raw,0.82908,0.79732,5452
comcat_global_m4,xgboost,raw,0.85202,0.82887,5452
comcat_global_m4,xgboost,raw,0.86781,0.85913,5452
comcat_global_m4,xgboost,raw,0.8877,0.89032,5452
comcat_global_m4,xgboost,raw,0.91643,0.92993,5452
comcat_global_m4,xgboost,platt,2e-05,0.0,5453
comcat_global_m4,xgboost,platt,2e-05,0.0,5453
comcat_global_m4,xgboost,platt,3e-05,0.0,5453
comcat_global_m4,xgboost,platt,3e-05,0.0,5452
comcat_global_m4,xgboost,platt,3e-05,0.0,5452
comcat_global_m4,xgboost,platt,4e-05,0.0,5452
comcat_global_m4,xgboost,platt,5e-05,0.0,5452
comcat_global_m4,xgboost,platt,0.40502,0.41856,5452
comcat_global_m4,xgboost,platt,0.71539,0.7245,5452
comcat_global_m4,xgboost,platt,0.78028,0.75569,5452
comcat_global_m4,xgboost,platt,0.82006,0.79732,5452
comcat_global_m4,xgboost,platt,0.84488,0.82887,5452
comcat_global_m4,xgboost,platt,0.86193,0.85913,5452
comcat_global_m4,xgboost,platt,0.88335,0.89032,5452
comcat_global_m4,xgboost,platt,0.91408,0.92993,5452
comcat_global_m4,xgboost,isotonic,0.0,0.0,5453
comcat_global_m4,xgboost,isotonic,0.0,0.0,5453
comcat_global_m4,xgboost,isotonic,0.0,0.0,5453
comcat_global_m4,xgboost,isotonic,0.0,0.00018,5452
comcat_global_m4,xgboost,isotonic,0.0,0.0,5452
comcat_global_m4,xgboost,isotonic,0.0,0.0,5452
comcat_global_m4,xgboost,isotonic,0.0,0.0,5452
comcat_global_m4,xgboost,isotonic,0.42271,0.4204,5452
comcat_global_m4,xgboost,isotonic,0.71469,0.72175,5452
comcat_global_m4,xgboost,isotonic,0.75858,0.75807,5452
comcat_global_m4,xgboost,isotonic,0.8118,0.79494,5452
comcat_global_m4,xgboost,isotonic,0.84942,0.83291,5452
comcat_global_m4,xgboost,isotonic,0.86495,0.8573,5452
comcat_global_m4,xgboost,isotonic,0.88849,0.8894,5452
comcat_global_m4,xgboost,isotonic,0.92842,0.92938,5452
comcat_global_m4,xgboost,temperature,5e-05,0.0,5453
comcat_global_m4,xgboost,temperature,6e-05,0.0,5453
comcat_global_m4,xgboost,temperature,6e-05,0.0,5453
comcat_global_m4,xgboost,temperature,7e-05,0.0,5452
comcat_global_m4,xgboost,temperature,8e-05,0.0,5452
comcat_global_m4,xgboost,temperature,8e-05,0.0,5452
comcat_global_m4,xgboost,temperature,0.00011,0.0,5452
comcat_global_m4,xgboost,temperature,0.42435,0.41856,5452
comcat_global_m4,xgboost,temperature,0.72569,0.7245,5452
comcat_global_m4,xgboost,temperature,0.78481,0.75569,5452
comcat_global_m4,xgboost,temperature,0.82138,0.79732,5452
comcat_global_m4,xgboost,temperature,0.84439,0.82887,5452
comcat_global_m4,xgboost,temperature,0.86033,0.85913,5452
comcat_global_m4,xgboost,temperature,0.88054,0.89032,5452
comcat_global_m4,xgboost,temperature,0.91006,0.92993,5452
comcat_global_m4,lightgbm,raw,0.03523,0.0,5453
comcat_global_m4,lightgbm,raw,0.03523,0.0,5453
comcat_global_m4,lightgbm,raw,0.03523,0.0,5453
comcat_global_m4,lightgbm,raw,0.03525,0.0,5452
comcat_global_m4,lightgbm,raw,0.03547,0.0,5452
comcat_global_m4,lightgbm,raw,0.03573,0.0,5452
comcat_global_m4,lightgbm,raw,0.03766,0.0,5452
comcat_global_m4,lightgbm,raw,0.45706,0.42186,5452
comcat_global_m4,lightgbm,raw,0.72937,0.73056,5452
comcat_global_m4,lightgbm,raw,0.7908,0.73936,5452
comcat_global_m4,lightgbm,raw,0.81635,0.80191,5452
comcat_global_m4,lightgbm,raw,0.8328,0.82887,5452
comcat_global_m4,lightgbm,raw,0.84322,0.86079,5452
comcat_global_m4,lightgbm,raw,0.8614,0.88646,5452
comcat_global_m4,lightgbm,raw,0.88804,0.93452,5452
comcat_global_m4,lightgbm,platt,0.00252,0.0,5453
comcat_global_m4,lightgbm,platt,0.00252,0.0,5453
comcat_global_m4,lightgbm,platt,0.00252,0.0,5453
comcat_global_m4,lightgbm,platt,0.00252,0.0,5452
comcat_global_m4,lightgbm,platt,0.00255,0.0,5452
comcat_global_m4,lightgbm,platt,0.00258,0.0,5452
comcat_global_m4,lightgbm,platt,0.00281,0.0,5452
comcat_global_m4,lightgbm,platt,0.35063,0.42186,5452
comcat_global_m4,lightgbm,platt,0.69312,0.73056,5452
comcat_global_m4,lightgbm,platt,0.79463,0.73936,5452
comcat_global_m4,lightgbm,platt,0.83322,0.80191,5452
comcat_global_m4,lightgbm,platt,0.85683,0.82887,5452
comcat_global_m4,lightgbm,platt,0.87107,0.86079,5452
comcat_global_m4,lightgbm,platt,0.8945,0.88646,5452
comcat_global_m4,lightgbm,platt,0.92545,0.93452,5452
comcat_global_m4,lightgbm,isotonic,0.0,0.00037,5453
comcat_global_m4,lightgbm,isotonic,0.0,0.0,5453
comcat_global_m4,lightgbm,isotonic,0.0,0.0,5453
comcat_global_m4,lightgbm,isotonic,0.0,0.0,5452
comcat_global_m4,lightgbm,isotonic,0.0,0.00018,5452
comcat_global_m4,lightgbm,isotonic,0.0,0.00018,5452
comcat_global_m4,lightgbm,isotonic,0.0,0.0,5452
comcat_global_m4,lightgbm,isotonic,0.41642,0.42021,5452
comcat_global_m4,lightgbm,isotonic,0.72518,0.71992,5452
comcat_global_m4,lightgbm,isotonic,0.76291,0.75312,5452
comcat_global_m4,lightgbm,isotonic,0.80845,0.80393,5452
comcat_global_m4,lightgbm,isotonic,0.83968,0.82759,5452
comcat_global_m4,lightgbm,isotonic,0.86889,0.85785,5452
comcat_global_m4,lightgbm,isotonic,0.89525,0.88866,5452
comcat_global_m4,lightgbm,isotonic,0.93632,0.93232,5452
comcat_global_m4,lightgbm,temperature,0.0167,0.0,5453
comcat_global_m4,lightgbm,temperature,0.0167,0.0,5453
comcat_global_m4,lightgbm,temperature,0.0167,0.0,5453
comcat_global_m4,lightgbm,temperature,0.01671,0.0,5452
comcat_global_m4,lightgbm,temperature,0.01685,0.0,5452
comcat_global_m4,lightgbm,temperature,0.017,0.0,5452
comcat_global_m4,lightgbm,temperature,0.01816,0.0,5452
comcat_global_m4,lightgbm,temperature,0.46611,0.42186,5452
comcat_global_m4,lightgbm,temperature,0.77149,0.73056,5452
comcat_global_m4,lightgbm,temperature,0.83715,0.73936,5452
comcat_global_m4,lightgbm,temperature,0.86252,0.80191,5452
comcat_global_m4,lightgbm,temperature,0.87835,0.82887,5452
comcat_global_m4,lightgbm,temperature,0.88809,0.86079,5452
comcat_global_m4,lightgbm,temperature,0.90454,0.88646,5452
comcat_global_m4,lightgbm,temperature,0.92741,0.93452,5452
scedc_socal_m25,catboost,raw,0.00019,0.0,457
scedc_socal_m25,catboost,raw,0.00022,0.0,457
scedc_socal_m25,catboost,raw,0.00024,0.0,457
scedc_socal_m25,catboost,raw,0.00029,0.0,457
scedc_socal_m25,catboost,raw,0.00037,0.0,457
scedc_socal_m25,catboost,raw,0.00046,0.0,457
scedc_socal_m25,catboost,raw,0.00054,0.0,457
scedc_socal_m25,catboost,raw,0.00063,0.0,457
scedc_socal_m25,catboost,raw,0.00074,0.0,456
scedc_socal_m25,catboost,raw,0.00091,0.0,456
scedc_socal_m25,catboost,raw,0.00143,0.0,456
scedc_socal_m25,catboost,raw,0.03838,0.0307,456
scedc_socal_m25,catboost,raw,0.47794,0.49561,456
scedc_socal_m25,catboost,raw,0.64011,0.60965,456
scedc_socal_m25,catboost,raw,0.85576,0.82456,456
scedc_socal_m25,catboost,platt,8e-05,0.0,457
scedc_socal_m25,catboost,platt,0.0001,0.0,457
scedc_socal_m25,catboost,platt,0.00011,0.0,457
scedc_socal_m25,catboost,platt,0.00014,0.0,457
scedc_socal_m25,catboost,platt,0.00018,0.0,457
scedc_socal_m25,catboost,platt,0.00022,0.0,457
scedc_socal_m25,catboost,platt,0.00026,0.0,457
scedc_socal_m25,catboost,platt,0.00031,0.0,457
scedc_socal_m25,catboost,platt,0.00037,0.0,456
scedc_socal_m25,catboost,platt,0.00047,0.0,456
scedc_socal_m25,catboost,platt,0.00077,0.0,456
scedc_socal_m25,catboost,platt,0.03634,0.0307,456
scedc_socal_m25,catboost,platt,0.48318,0.49561,456
scedc_socal_m25,catboost,platt,0.65916,0.60965,456
scedc_socal_m25,catboost,platt,0.878,0.82456,456
scedc_socal_m25,catboost,isotonic,0.0,0.0,457
scedc_socal_m25,catboost,isotonic,0.0,0.0,457
scedc_socal_m25,catboost,isotonic,0.0,0.0,457
scedc_socal_m25,catboost,isotonic,0.0,0.0,457
scedc_socal_m25,catboost,isotonic,0.0,0.0,457
scedc_socal_m25,catboost,isotonic,0.0,0.0,457
scedc_socal_m25,catboost,isotonic,0.0,0.0,457
scedc_socal_m25,catboost,isotonic,0.0,0.0,457
scedc_socal_m25,catboost,isotonic,0.0,0.0,456
scedc_socal_m25,catboost,isotonic,0.0,0.0,456
scedc_socal_m25,catboost,isotonic,0.0,0.0,456
scedc_socal_m25,catboost,isotonic,0.03147,0.03509,456
scedc_socal_m25,catboost,isotonic,0.48727,0.49781,456
scedc_socal_m25,catboost,isotonic,0.65973,0.60307,456
scedc_socal_m25,catboost,isotonic,0.8787,0.82456,456
scedc_socal_m25,catboost,temperature,7e-05,0.0,457
scedc_socal_m25,catboost,temperature,9e-05,0.0,457
scedc_socal_m25,catboost,temperature,0.0001,0.0,457
scedc_socal_m25,catboost,temperature,0.00012,0.0,457
scedc_socal_m25,catboost,temperature,0.00015,0.0,457
scedc_socal_m25,catboost,temperature,0.00019,0.0,457
scedc_socal_m25,catboost,temperature,0.00023,0.0,457
scedc_socal_m25,catboost,temperature,0.00028,0.0,457
scedc_socal_m25,catboost,temperature,0.00033,0.0,456
scedc_socal_m25,catboost,temperature,0.00042,0.0,456
scedc_socal_m25,catboost,temperature,0.00069,0.0,456
scedc_socal_m25,catboost,temperature,0.03526,0.0307,456
scedc_socal_m25,catboost,temperature,0.4756,0.49561,456
scedc_socal_m25,catboost,temperature,0.65415,0.60965,456
scedc_socal_m25,catboost,temperature,0.87712,0.82456,456
scedc_socal_m25,xgboost,raw,6e-05,0.0,457
scedc_socal_m25,xgboost,raw,6e-05,0.0,457
scedc_socal_m25,xgboost,raw,6e-05,0.0,457
scedc_socal_m25,xgboost,raw,6e-05,0.0,457
scedc_socal_m25,xgboost,raw,7e-05,0.0,457
scedc_socal_m25,xgboost,raw,7e-05,0.0,457
scedc_socal_m25,xgboost,raw,9e-05,0.0,457
scedc_socal_m25,xgboost,raw,0.00012,0.0,457
scedc_socal_m25,xgboost,raw,0.00016,0.0,456
scedc_socal_m25,xgboost,raw,0.00023,0.0,456
scedc_socal_m25,xgboost,raw,0.00036,0.0,456
scedc_socal_m25,xgboost,raw,0.02429,0.04386,456
scedc_socal_m25,xgboost,raw,0.43376,0.48246,456
scedc_socal_m25,xgboost,raw,0.67093,0.61842,456
scedc_socal_m25,xgboost,raw,0.90325,0.81579,456
scedc_socal_m25,xgboost,platt,0.00023,0.0,457
scedc_socal_m25,xgboost,platt,0.00024,0.0,457
scedc_socal_m25,xgboost,platt,0.00025,0.0,457
scedc_socal_m25,xgboost,platt,0.00026,0.0,457
scedc_socal_m25,xgboost,platt,0.00027,0.0,457
scedc_socal_m25,xgboost,platt,0.00029,0.0,457
scedc_socal_m25,xgboost,platt,0.00035,0.0,457
scedc_socal_m25,xgboost,platt,0.00045,0.0,457
scedc_socal_m25,xgboost,platt,0.00059,0.0,456
scedc_socal_m25,xgboost,platt,0.00078,0.0,456
scedc_socal_m25,xgboost,platt,0.00115,0.0,456
scedc_socal_m25,xgboost,platt,0.03127,0.04386,456
scedc_socal_m25,xgboost,platt,0.46486,0.48246,456
scedc_socal_m25,xgboost,platt,0.6708,0.61842,456
scedc_socal_m25,xgboost,platt,0.88551,0.81579,456
scedc_socal_m25,xgboost,isotonic,0.0,0.0,457
scedc_socal_m25,xgboost,isotonic,0.0,0.0,457
scedc_socal_m25,xgboost,isotonic,0.0,0.0,457
scedc_socal_m25,xgboost,isotonic,0.0,0.0,457
scedc_socal_m25,xgboost,isotonic,0.0,0.0,457
scedc_socal_m25,xgboost,isotonic,0.0,0.0,457
scedc_socal_m25,xgboost,isotonic,0.0,0.0,457
scedc_socal_m25,xgboost,isotonic,0.0,0.0,457
scedc_socal_m25,xgboost,isotonic,0.0,0.0,456
scedc_socal_m25,xgboost,isotonic,0.0,0.0,456
scedc_socal_m25,xgboost,isotonic,0.0,0.0,456
scedc_socal_m25,xgboost,isotonic,0.02873,0.04825,456
scedc_socal_m25,xgboost,isotonic,0.49169,0.47368,456
scedc_socal_m25,xgboost,isotonic,0.66065,0.62939,456
scedc_socal_m25,xgboost,isotonic,0.87644,0.80921,456
scedc_socal_m25,xgboost,temperature,0.00017,0.0,457
scedc_socal_m25,xgboost,temperature,0.00018,0.0,457
scedc_socal_m25,xgboost,temperature,0.00019,0.0,457
scedc_socal_m25,xgboost,temperature,0.00019,0.0,457
scedc_socal_m25,xgboost,temperature,0.0002,0.0,457
scedc_socal_m25,xgboost,temperature,0.00022,0.0,457
scedc_socal_m25,xgboost,temperature,0.00026,0.0,457
scedc_socal_m25,xgboost,temperature,0.00034,0.0,457
scedc_socal_m25,xgboost,temperature,0.00044,0.0,456
scedc_socal_m25,xgboost,temperature,0.00059,0.0,456
scedc_socal_m25,xgboost,temperature,0.00088,0.0,456
scedc_socal_m25,xgboost,temperature,0.0282,0.04386,456
scedc_socal_m25,xgboost,temperature,0.44077,0.48246,456
scedc_socal_m25,xgboost,temperature,0.65358,0.61842,456
scedc_socal_m25,xgboost,temperature,0.88082,0.81579,456
scedc_socal_m25,lightgbm,raw,0.00015,0.0,457
scedc_socal_m25,lightgbm,raw,0.00015,0.0,457
scedc_socal_m25,lightgbm,raw,0.00015,0.0,457
scedc_socal_m25,lightgbm,raw,0.00015,0.0,457
scedc_socal_m25,lightgbm,raw,0.00015,0.0,457
scedc_socal_m25,lightgbm,raw,0.00015,0.0,457
scedc_socal_m25,lightgbm,raw,0.00016,0.0,457
scedc_socal_m25,lightgbm,raw,0.00018,0.0,457
scedc_socal_m25,lightgbm,raw,0.00019,0.0,456
scedc_socal_m25,lightgbm,raw,0.00022,0.0,456
scedc_socal_m25,lightgbm,raw,0.00026,0.0,456
scedc_socal_m25,lightgbm,raw,0.02499,0.03947,456
scedc_socal_m25,lightgbm,raw,0.4423,0.48026,456
scedc_socal_m25,lightgbm,raw,0.66145,0.62939,456
scedc_socal_m25,lightgbm,raw,0.89718,0.8114,456
scedc_socal_m25,lightgbm,platt,0.0004,0.0,457
scedc_socal_m25,lightgbm,platt,0.0004,0.0,457
scedc_socal_m25,lightgbm,platt,0.0004,0.0,457
scedc_socal_m25,lightgbm,platt,0.0004,0.0,457
scedc_socal_m25,lightgbm,platt,0.0004,0.0,457
scedc_socal_m25,lightgbm,platt,0.00041,0.0,457
scedc_socal_m25,lightgbm,platt,0.00044,0.0,457
scedc_socal_m25,lightgbm,platt,0.00047,0.0,457
scedc_socal_m25,lightgbm,platt,0.00051,0.0,456
scedc_socal_m25,lightgbm,platt,0.00056,0.0,456
scedc_socal_m25,lightgbm,platt,0.00067,0.0,456
scedc_socal_m25,lightgbm,platt,0.02985,0.03947,456
scedc_socal_m25,lightgbm,platt,0.46647,0.48026,456
scedc_socal_m25,lightgbm,platt,0.66326,0.62939,456
scedc_socal_m25,lightgbm,platt,0.88419,0.8114,456
scedc_socal_m25,lightgbm,isotonic,0.0,0.0,457
scedc_socal_m25,lightgbm,isotonic,0.0,0.0,457
scedc_socal_m25,lightgbm,isotonic,0.0,0.0,457
scedc_socal_m25,lightgbm,isotonic,0.0,0.0,457
scedc_socal_m25,lightgbm,isotonic,0.0,0.0,457
scedc_socal_m25,lightgbm,isotonic,0.0,0.0,457
scedc_socal_m25,lightgbm,isotonic,0.0,0.0,457
scedc_socal_m25,lightgbm,isotonic,0.0,0.0,457
scedc_socal_m25,lightgbm,isotonic,0.0,0.0,456
scedc_socal_m25,lightgbm,isotonic,0.0,0.0,456
scedc_socal_m25,lightgbm,isotonic,0.0,0.0,456
scedc_socal_m25,lightgbm,isotonic,0.02841,0.04167,456
scedc_socal_m25,lightgbm,isotonic,0.46653,0.47807,456
scedc_socal_m25,lightgbm,isotonic,0.67074,0.62061,456
scedc_socal_m25,lightgbm,isotonic,0.87592,0.82018,456
scedc_socal_m25,lightgbm,temperature,0.0003,0.0,457
scedc_socal_m25,lightgbm,temperature,0.0003,0.0,457
scedc_socal_m25,lightgbm,temperature,0.0003,0.0,457
scedc_socal_m25,lightgbm,temperature,0.0003,0.0,457
scedc_socal_m25,lightgbm,temperature,0.00031,0.0,457
scedc_socal_m25,lightgbm,temperature,0.00031,0.0,457
scedc_socal_m25,lightgbm,temperature,0.00033,0.0,457
scedc_socal_m25,lightgbm,temperature,0.00036,0.0,457
scedc_socal_m25,lightgbm,temperature,0.00039,0.0,456
scedc_socal_m25,lightgbm,temperature,0.00043,0.0,456
scedc_socal_m25,lightgbm,temperature,0.00052,0.0,456
scedc_socal_m25,lightgbm,temperature,0.02743,0.03947,456
scedc_socal_m25,lightgbm,temperature,0.44671,0.48026,456
scedc_socal_m25,lightgbm,temperature,0.64964,0.62939,456
scedc_socal_m25,lightgbm,temperature,0.88119,0.8114,456
comcat_himalaya_m4,catboost,raw,0.00075,0.0,48
comcat_himalaya_m4,catboost,raw,0.00138,0.0,48
comcat_himalaya_m4,catboost,raw,0.00214,0.0,47
comcat_himalaya_m4,catboost,raw,0.00317,0.0,47
comcat_himalaya_m4,catboost,raw,0.17198,0.21277,47
comcat_himalaya_m4,catboost,raw,0.83319,0.93617,47
comcat_himalaya_m4,catboost,raw,0.88461,0.95745,47
comcat_himalaya_m4,catboost,raw,0.91685,0.87234,47
comcat_himalaya_m4,catboost,raw,0.93538,0.87234,47
comcat_himalaya_m4,catboost,raw,0.94678,0.82979,47
comcat_himalaya_m4,catboost,raw,0.95724,0.87234,47
comcat_himalaya_m4,catboost,raw,0.96512,0.85106,47
comcat_himalaya_m4,catboost,raw,0.97192,0.97872,47
comcat_himalaya_m4,catboost,raw,0.97961,0.82979,47
comcat_himalaya_m4,catboost,raw,0.98712,0.85106,47
comcat_himalaya_m4,catboost,platt,0.00053,0.0,48
comcat_himalaya_m4,catboost,platt,0.00096,0.0,48
comcat_himalaya_m4,catboost,platt,0.00146,0.0,47
comcat_himalaya_m4,catboost,platt,0.00213,0.0,47
comcat_himalaya_m4,catboost,platt,0.13146,0.21277,47
comcat_himalaya_m4,catboost,platt,0.70954,0.93617,47
comcat_himalaya_m4,catboost,platt,0.78571,0.95745,47
comcat_himalaya_m4,catboost,platt,0.83843,0.87234,47
comcat_himalaya_m4,catboost,platt,0.87061,0.87234,47
comcat_himalaya_m4,catboost,platt,0.89124,0.82979,47
comcat_himalaya_m4,catboost,platt,0.91079,0.87234,47
comcat_himalaya_m4,catboost,platt,0.92592,0.85106,47
comcat_himalaya_m4,catboost,platt,0.93935,0.97872,47
comcat_himalaya_m4,catboost,platt,0.95493,0.82979,47
comcat_himalaya_m4,catboost,platt,0.97073,0.85106,47
comcat_himalaya_m4,catboost,isotonic,0.0,0.0,48
comcat_himalaya_m4,catboost,isotonic,0.0,0.0,48
comcat_himalaya_m4,catboost,isotonic,0.0,0.0,47
comcat_himalaya_m4,catboost,isotonic,0.0,0.0,47
comcat_himalaya_m4,catboost,isotonic,0.17667,0.23404,47
comcat_himalaya_m4,catboost,isotonic,0.75,0.97872,47
comcat_himalaya_m4,catboost,isotonic,0.75813,0.87234,47
comcat_himalaya_m4,catboost,isotonic,0.79545,0.87234,47
comcat_himalaya_m4,catboost,isotonic,0.85838,0.93617,47
comcat_himalaya_m4,catboost,isotonic,0.94697,0.82979,47
comcat_himalaya_m4,catboost,isotonic,0.94697,0.87234,47
comcat_himalaya_m4,catboost,isotonic,0.94697,0.80851,47
comcat_himalaya_m4,catboost,isotonic,0.94697,0.82979,47
comcat_himalaya_m4,catboost,isotonic,0.94697,0.95745,47
comcat_himalaya_m4,catboost,isotonic,0.94919,0.87234,47
comcat_himalaya_m4,catboost,temperature,0.00272,0.0,48
comcat_himalaya_m4,catboost,temperature,0.0045,0.0,48
comcat_himalaya_m4,catboost,temperature,0.00644,0.0,47
comcat_himalaya_m4,catboost,temperature,0.00888,0.0,47
comcat_himalaya_m4,catboost,temperature,0.17229,0.21277,47
comcat_himalaya_m4,catboost,temperature,0.78935,0.93617,47
comcat_himalaya_m4,catboost,temperature,0.84161,0.95745,47
comcat_himalaya_m4,catboost,temperature,0.87741,0.87234,47
comcat_himalaya_m4,catboost,temperature,0.89942,0.87234,47
comcat_himalaya_m4,catboost,temperature,0.9137,0.82979,47
comcat_himalaya_m4,catboost,temperature,0.92745,0.87234,47
comcat_himalaya_m4,catboost,temperature,0.9383,0.85106,47
comcat_himalaya_m4,catboost,temperature,0.94813,0.97872,47
comcat_himalaya_m4,catboost,temperature,0.95986,0.82979,47
comcat_himalaya_m4,catboost,temperature,0.97238,0.85106,47
comcat_himalaya_m4,xgboost,raw,0.00677,0.0,48
comcat_himalaya_m4,xgboost,raw,0.0077,0.0,48
comcat_himalaya_m4,xgboost,raw,0.01024,0.0,47
comcat_himalaya_m4,xgboost,raw,0.01491,0.0,47
comcat_himalaya_m4,xgboost,raw,0.16226,0.23404,47
comcat_himalaya_m4,xgboost,raw,0.77414,0.82979,47
comcat_himalaya_m4,xgboost,raw,0.83408,0.93617,47
comcat_himalaya_m4,xgboost,raw,0.85563,0.87234,47
comcat_himalaya_m4,xgboost,raw,0.87022,0.89362,47
comcat_himalaya_m4,xgboost,raw,0.88451,0.87234,47
comcat_himalaya_m4,xgboost,raw,0.89854,0.87234,47
comcat_himalaya_m4,xgboost,raw,0.91234,0.91489,47
comcat_himalaya_m4,xgboost,raw,0.92737,0.87234,47
comcat_himalaya_m4,xgboost,raw,0.94326,0.93617,47
comcat_himalaya_m4,xgboost,raw,0.96427,0.82979,47
comcat_himalaya_m4,xgboost,platt,0.00157,0.0,48
comcat_himalaya_m4,xgboost,platt,0.00183,0.0,48
comcat_himalaya_m4,xgboost,platt,0.00258,0.0,47
comcat_himalaya_m4,xgboost,platt,0.00407,0.0,47
comcat_himalaya_m4,xgboost,platt,0.12008,0.23404,47
comcat_himalaya_m4,xgboost,platt,0.72358,0.82979,47
comcat_himalaya_m4,xgboost,platt,0.80505,0.93617,47
comcat_himalaya_m4,xgboost,platt,0.83403,0.87234,47
comcat_himalaya_m4,xgboost,platt,0.85342,0.89362,47
comcat_himalaya_m4,xgboost,platt,0.87216,0.87234,47
comcat_himalaya_m4,xgboost,platt,0.89025,0.87234,47
comcat_himalaya_m4,xgboost,platt,0.90769,0.91489,47
comcat_himalaya_m4,xgboost,platt,0.92617,0.87234,47
comcat_himalaya_m4,xgboost,platt,0.94494,0.93617,47
comcat_himalaya_m4,xgboost,platt,0.96826,0.82979,47
comcat_himalaya_m4,xgboost,isotonic,0.0,0.0625,48
comcat_himalaya_m4,xgboost,isotonic,0.0,0.0625,48
comcat_himalaya_m4,xgboost,isotonic,0.0,0.02128,47
comcat_himalaya_m4,xgboost,isotonic,0.0,0.04255,47
comcat_himalaya_m4,xgboost,isotonic,0.0,0.08511,47
comcat_himalaya_m4,xgboost,isotonic,0.80733,0.80851,47
comcat_himalaya_m4,xgboost,isotonic,0.86792,0.89362,47
comcat_himalaya_m4,xgboost,isotonic,0.86792,0.82979,47
comcat_himalaya_m4,xgboost,isotonic,0.86792,0.91489,47
comcat_himalaya_m4,xgboost,isotonic,0.89152,0.89362,47
comcat_himalaya_m4,xgboost,isotonic,0.90526,0.91489,47
comcat_himalaya_m4,xgboost,isotonic,0.90526,0.87234,47
comcat_himalaya_m4,xgboost,isotonic,0.90526,0.91489,47
comcat_himalaya_m4,xgboost,isotonic,0.91548,0.87234,47
comcat_himalaya_m4,xgboost,isotonic,0.95238,0.87234,47
comcat_himalaya_m4,xgboost,temperature,0.0051,0.0,48
comcat_himalaya_m4,xgboost,temperature,0.00584,0.0,48
comcat_himalaya_m4,xgboost,temperature,0.00791,0.0,47
comcat_himalaya_m4,xgboost,temperature,0.01178,0.0,47
comcat_himalaya_m4,xgboost,temperature,0.15943,0.23404,47
comcat_himalaya_m4,xgboost,temperature,0.78602,0.82979,47
comcat_himalaya_m4,xgboost,temperature,0.84644,0.93617,47
comcat_himalaya_m4,xgboost,temperature,0.86773,0.87234,47
comcat_himalaya_m4,xgboost,temperature,0.88201,0.89362,47
comcat_himalaya_m4,xgboost,temperature,0.89587,0.87234,47
comcat_himalaya_m4,xgboost,temperature,0.90935,0.87234,47
comcat_himalaya_m4,xgboost,temperature,0.92246,0.91489,47
comcat_himalaya_m4,xgboost,temperature,0.93657,0.87234,47
comcat_himalaya_m4,xgboost,temperature,0.95124,0.93617,47
comcat_himalaya_m4,xgboost,temperature,0.97018,0.82979,47
comcat_himalaya_m4,lightgbm,raw,0.00628,0.0,48
comcat_himalaya_m4,lightgbm,raw,0.0069,0.0,48
comcat_himalaya_m4,lightgbm,raw,0.00832,0.0,47
comcat_himalaya_m4,lightgbm,raw,0.00998,0.0,47
comcat_himalaya_m4,lightgbm,raw,0.15384,0.21277,47
comcat_himalaya_m4,lightgbm,raw,0.77631,0.78723,47
comcat_himalaya_m4,lightgbm,raw,0.82853,0.87234,47
comcat_himalaya_m4,lightgbm,raw,0.84648,0.97872,47
comcat_himalaya_m4,lightgbm,raw,0.86088,0.87234,47
comcat_himalaya_m4,lightgbm,raw,0.87406,0.91489,47
comcat_himalaya_m4,lightgbm,raw,0.88978,0.85106,47
comcat_himalaya_m4,lightgbm,raw,0.90265,0.95745,47
comcat_himalaya_m4,lightgbm,raw,0.91778,0.87234,47
comcat_himalaya_m4,lightgbm,raw,0.9322,0.85106,47
comcat_himalaya_m4,lightgbm,raw,0.9501,0.89362,47
comcat_himalaya_m4,lightgbm,platt,0.00279,0.0,48
comcat_himalaya_m4,lightgbm,platt,0.00311,0.0,48
comcat_himalaya_m4,lightgbm,platt,0.00383,0.0,47
comcat_himalaya_m4,lightgbm,platt,0.0047,0.0,47
comcat_himalaya_m4,lightgbm,platt,0.13718,0.21277,47
comcat_himalaya_m4,lightgbm,platt,0.76368,0.78723,47
comcat_himalaya_m4,lightgbm,platt,0.82395,0.87234,47
comcat_himalaya_m4,lightgbm,platt,0.84436,0.97872,47
comcat_himalaya_m4,lightgbm,platt,0.86056,0.87234,47
comcat_himalaya_m4,lightgbm,platt,0.87525,0.91489,47
comcat_himalaya_m4,lightgbm,platt,0.89255,0.85106,47
comcat_himalaya_m4,lightgbm,platt,0.90652,0.95745,47
comcat_himalaya_m4,lightgbm,platt,0.92267,0.87234,47
comcat_himalaya_m4,lightgbm,platt,0.93773,0.85106,47
comcat_himalaya_m4,lightgbm,platt,0.95584,0.89362,47
comcat_himalaya_m4,lightgbm,isotonic,0.0,0.0625,48
comcat_himalaya_m4,lightgbm,isotonic,0.0,0.0,48
comcat_himalaya_m4,lightgbm,isotonic,0.0,0.0,47
comcat_himalaya_m4,lightgbm,isotonic,0.0,0.0,47
comcat_himalaya_m4,lightgbm,isotonic,0.11912,0.14894,47
comcat_himalaya_m4,lightgbm,isotonic,0.82728,0.78723,47
comcat_himalaya_m4,lightgbm,isotonic,0.84246,0.89362,47
comcat_himalaya_m4,lightgbm,isotonic,0.90541,0.95745,47
comcat_himalaya_m4,lightgbm,isotonic,0.90541,0.91489,47
comcat_himalaya_m4,lightgbm,isotonic,0.90541,0.87234,47
comcat_himalaya_m4,lightgbm,isotonic,0.90541,0.89362,47
comcat_himalaya_m4,lightgbm,isotonic,0.90541,0.91489,47
comcat_himalaya_m4,lightgbm,isotonic,0.90541,0.89362,47
comcat_himalaya_m4,lightgbm,isotonic,0.90541,0.82979,47
comcat_himalaya_m4,lightgbm,isotonic,0.9305,0.89362,47
comcat_himalaya_m4,lightgbm,temperature,0.00462,0.0,48
comcat_himalaya_m4,lightgbm,temperature,0.00511,0.0,48
comcat_himalaya_m4,lightgbm,temperature,0.00623,0.0,47
comcat_himalaya_m4,lightgbm,temperature,0.00755,0.0,47
comcat_himalaya_m4,lightgbm,temperature,0.15242,0.21277,47
comcat_himalaya_m4,lightgbm,temperature,0.78902,0.78723,47
comcat_himalaya_m4,lightgbm,temperature,0.84174,0.87234,47
comcat_himalaya_m4,lightgbm,temperature,0.85953,0.97872,47
comcat_himalaya_m4,lightgbm,temperature,0.87367,0.87234,47
comcat_himalaya_m4,lightgbm,temperature,0.8865,0.91489,47
comcat_himalaya_m4,lightgbm,temperature,0.90166,0.85106,47
comcat_himalaya_m4,lightgbm,temperature,0.91395,0.95745,47
comcat_himalaya_m4,lightgbm,temperature,0.92822,0.87234,47
comcat_himalaya_m4,lightgbm,temperature,0.94162,0.85106,47
comcat_himalaya_m4,lightgbm,temperature,0.95793,0.89362,47
