catalog,subset,n,positive_rate,auc,f1,precision,recall,accuracy,auc_magdiff
comcat_global_m4,all test events,81783,0.4136,0.943,0.8905,0.8089,0.9905,0.8993,0.9375
comcat_global_m4,backward local maxima (operational),42324,0.7992,0.6786,0.8905,0.8089,0.9905,0.8054,0.6475
comcat_global_m4,foreshocks only,8498,0.0,,,,0.0687,,
scedc_socal_m25,all test events,6848,0.1305,0.9723,0.7667,0.6694,0.8971,0.9287,0.9676
scedc_socal_m25,backward local maxima (operational),1421,0.6291,0.6867,0.7667,0.6694,0.8971,0.6566,0.6341
scedc_socal_m25,foreshocks only,527,0.0,,,,0.2486,,
comcat_himalaya_m4,all test events,707,0.6025,0.8886,0.925,0.8844,0.9695,0.9052,0.9325
comcat_himalaya_m4,backward local maxima (operational),482,0.8838,0.5021,0.925,0.8844,0.9695,0.861,0.6613
comcat_himalaya_m4,foreshocks only,56,0.0,,,,0.0357,,
